{
    "root_group": {
        "id": "d41d8cd98f00b204e9800998ecf8427e",
        "groups": {},
        "checks": {
                "category 200": {
                    "name": "category 200",
                    "path": "::category 200",
                    "id": "af382476c76f88f9c2b10f328c4f6391",
                    "passes": 337,
                    "fails": 0
                },
                "home 200": {
                    "name": "home 200",
                    "path": "::home 200",
                    "id": "d5a546618676c7c5737c4af152946908",
                    "passes": 393,
                    "fails": 0
                },
                "product 200": {
                    "passes": 127,
                    "fails": 0,
                    "name": "product 200",
                    "path": "::product 200",
                    "id": "f4785261ac3a9b6f0cec42b8cbb7b4f9"
                },
                "cart 200": {
                    "passes": 0,
                    "fails": 19,
                    "name": "cart 200",
                    "path": "::cart 200",
                    "id": "3bb164d822113b9431604707bb826594"
                }
            },
        "name": "",
        "path": ""
    },
    "metrics": {
        "http_req_waiting": {
            "p(90)": 36626.452079999995,
            "p(95)": 37430.5669,
            "avg": 17769.644238220924,
            "min": 136.6851,
            "med": 13311.443,
            "max": 40864.7073
        },
        "http_req_connecting": {
            "avg": 0.1760514173998045,
            "min": 0,
            "med": 0,
            "max": 14.5221,
            "p(90)": 0.6371000000000003,
            "p(95)": 1.01145
        },
        "http_req_failed": {
            "passes": 19,
            "fails": 1004,
            "value": 0.01857282502443793
        },
        "http_req_duration": {
            "p(90)": 39035.59154,
            "p(95)": 40181.458849999995,
            "avg": 18572.1661943304,
            "min": 137.2676,
            "med": 13478.3031,
            "max": 45237.5557
        },
        "http_req_tls_handshaking": {
            "avg": 0,
            "min": 0,
            "med": 0,
            "max": 0,
            "p(90)": 0,
            "p(95)": 0
        },
        "http_req_duration{expected_response:true}": {
            "med": 13765.6785,
            "max": 45237.5557,
            "p(90)": 39075.70101,
            "p(95)": 40213.68616999999,
            "avg": 18771.50340139442,
            "min": 137.2676
        },
        "data_sent": {
            "count": 129505,
            "rate": 859.3480555329725
        },
        "http_req_receiving": {
            "max": 4152.3438,
            "p(90)": 2443.4864600000005,
            "p(95)": 2823.53402,
            "avg": 798.4143855327467,
            "min": 0,
            "med": 1.0666
        },
        "checks": {
            "fails": 19,
            "passes": 857,
            "value": 0.978310502283105
        },
        "vus": {
            "max": 200,
            "value": 170,
            "min": 13
        },
        "data_received": {
            "count": 120158145,
            "rate": 797325.7269001117
        },
        "vus_max": {
            "value": 200,
            "min": 200,
            "max": 200
        },
        "http_reqs": {
            "count": 1023,
            "rate": 6.788255749277872
        },
        "iterations": {
            "rate": 5.812817239850847,
            "count": 876
        },
        "http_req_blocked": {
            "p(90)": 0.7874200000000012,
            "p(95)": 1.19644,
            "avg": 0.20893304007820146,
            "min": 0,
            "med": 0,
            "max": 20.1736
        },
        "http_req_sending": {
            "avg": 4.1075705767350925,
            "min": 0,
            "med": 0,
            "max": 4171.3215,
            "p(90)": 0,
            "p(95)": 0
        },
        "iteration_duration": {
            "avg": 22610.211186301396,
            "min": 1055.4554,
            "med": 15457.148799999999,
            "max": 56101.0972,
            "p(90)": 40816.03690000001,
            "p(95)": 41645.9358
        }
    }
}